{
	"location": "Dubai",
	"location_coordinates": [25.2603,
	55.3052],
	"total_count": 485,
	"count": 20,
	"filtered_count": 485,
	"current_page": 1,
	"per_page": 20,
	"rates": {
		"min": {
			"price": 35,
			"price_usd": 34.72999954223633,
			"price_str": "35",
			"currency_code": "USD"
		},
		"max": {
			"price": 2069,
			"price_usd": 2069.26025390625,
			"price_str": "2,069",
			"currency_code": "USD"
		}
	},
	"districts": [{
		"id": 7857,
		"name": "Dubai Marina"
	},
	{
		"id": 7860,
		"name": "Dubai Airport"
	},
	{
		"id": 7859,
		"name": "Dubai Creek/Festival City"
	},
	{
		"id": 7858,
		"name": "Dubailand"
	},
	{
		"id": 885,
		"name": "Deira"
	},
	{
		"id": 883,
		"name": "Bur Dubai"
	},
	{
		"id": 4510,
		"name": "Al Barsha"
	},
	{
		"id": 884,
		"name": "Sheikh Zayed Road - North"
	},
	{
		"id": 4509,
		"name": "Media City"
	},
	{
		"id": 882,
		"name": "Jumeirah Beach"
	},
	{
		"id": 881,
		"name": "Jebel Ali"
	},
	{
		"id": 4512,
		"name": "Business Bay"
	},
	{
		"id": 4514,
		"name": "Umm Suqueim"
	},
	{
		"id": 4513,
		"name": "Jumeirah Lake Towers/Emirates Hills"
	},
	{
		"id": 886,
		"name": "Palm Jumeirah"
	},
	{
		"id": 4511,
		"name": "Ghantoot"
	}],
	"is_done": true,
	"hotels": [{
		"id": 85089,
		"name": "Golden Sands Hotel Apartments",
		"address": "Bur Dubai, Al.Mankhool Road, Bank Street PO BOX 9168",
		"districts": [883,
		884,
		7857,
		7858,
		7859,
		7860],
		"latitude": 25.25166667,
		"longitude": 55.29472222,
		"property_type": 4,
		"brand_id": 277,
		"searched": null,
		"desc": "GOLDEN SANDS HOTEL APARTMENTS are perfectly placed in the heart of fashionable Bur Dubai, just minutes away from exclusive shopping malls, the new Metro Junction, Khalid bin Al Walid Station and Al Musalla Station approximately 5 minutes walk away, the Central Business District, the Dubai Museum, Heritage Village and the World Trade Centre and Convention halls. Golden Sands is one of the largest hotel-apartments in Dubai with 650 units. \nGolden Sands, your home in Dubai, offers you every comfort of your home with facilities of a deluxe hotel like Swimming Pools, Sauna, Gym and Squash Court. A Car Rental and Tour Desk is located in the lobby. Free Internet facility is available in all rooms. Free wired Internet facility is available in all rooms. Free Wi-Fi connection in the Lobby and Coffee Shop. \nA restaurant, room service, daily housekeeping, 24-hour reception porter and security services are also available.\nAll units come with a fully-equipped kitchenette, large refrigerator, washing machine/dryer, microwave, digital safe, direct-dialling telephone and satellite channels.\nThe Studios are in modern building, located in the most elite and cosmopolitan city centre area of Dubai. \nGolden Sands Hotel Apartments offer you the comforts of home and all the conveniences of a modern hotel. \nThe Dubai International Airport is just 11 kms away. The tallest tower Burj Khalifa, World Trade Centre and Convention Halls are just 4 kms away. In a proximity of less than 3 kms are the Dubai Museum, Heritage Village, the Textile and Electronics Market, the Bur Juman Shopping Mall and the Central Business District.\nA very varied choice of restaurants, fast foods and night spots, from affordable to upscale are available in a radius of less than 2 kms.",
		"stars": 4,
		"map": true,
		"room_rates": [{
			"id": "3-5",
			"price_str": "71",
			"currency_code": "USD",
			"currency_sym": "US$",
			"provider_name": "Asiatravel.com",
			"provider_code": "asiatravel.com",
			"mobile_friendly": true,
			"ex_tax": false,
			"is_direct": false,
			"description": "Golden Sands 3 One Room Studio"
		},
		{
			"id": "197-1",
			"price_str": "73",
			"currency_code": "USD",
			"currency_sym": "US$",
			"provider_name": "Expedia.co.id",
			"provider_code": "expedia.co.id",
			"mobile_friendly": true,
			"ex_tax": false,
			"is_direct": false,
			"description": "Studio"
		},
		{
			"id": "6-1",
			"price_str": "117",
			"currency_code": "USD",
			"currency_sym": "US$",
			"provider_name": "Booking.com",
			"provider_code": "booking.com",
			"mobile_friendly": true,
			"ex_tax": false,
			"is_direct": false,
			"description": "One-Bedroom Suite - Golden Sands 3 - FREE cancellation - Book now, pay when you stay - Free WiFi - Found your room online at a lower price? We'll match it."
		}],
		"summary_room_rates": [{
			"id": "3-5",
			"price_str": "71",
			"currency_code": "USD",
			"currency_sym": "US$",
			"provider_name": "Asiatravel.com",
			"provider_code": "asiatravel.com",
			"mobile_friendly": true,
			"ex_tax": false,
			"description": "Golden Sands 3 One Room Studio",
			"is_direct": false
		},
		{
			"id": "197-1",
			"price_str": "73",
			"currency_code": "USD",
			"currency_sym": "US$",
			"provider_name": "Expedia.co.id",
			"provider_code": "expedia.co.id",
			"mobile_friendly": true,
			"ex_tax": false,
			"description": "Studio",
			"is_direct": false
		},
		{
			"id": "6-1",
			"price_str": "117",
			"currency_code": "USD",
			"currency_sym": "US$",
			"provider_name": "Booking.com",
			"provider_code": "booking.com",
			"mobile_friendly": true,
			"ex_tax": false,
			"description": "One-Bedroom Suite - Golden Sands 3 - FREE cancellation - Book now, pay when you stay - Free WiFi - Found your room online at a lower price? We'll match it.",
			"is_direct": false
		}],
		"room_rates_count": 3,
		"room_rate_min": {
			"id": "3-5",
			"price_str": "71",
			"currency_code": "USD",
			"currency_sym": "US$",
			"provider_name": "Asiatravel.com",
			"provider_code": "asiatravel.com",
			"mobile_friendly": true,
			"ex_tax": false,
			"is_direct": false
		},
		"total_reviews": 6059,
		"positive": 0,
		"negative": 0,
		"neutral": 0,
		"rooms_count": 616,
		"rank": 1,
		"satisfaction": 70,
		"satisfaction_description": "Fair",
		"url": "/hotels/united-arab-emirates/dubai/golden-sands-hotel-apartments-85089",
		"offer": null,
		"image": "http://0.omg.io/wego/image/upload/w_200,h_200,c_fill/v1428243202/hotels/85089/11621225.jpg"
	},
	{
		"id": 912589,
		"name": "Moevenpick The Square Dubai",
		"address": "46th St. Al Mamzar",
		"districts": [],
		"latitude": 25.29086,
		"longitude": 55.35471,
		"property_type": 1,
		"brand_id": null,
		"searched": null,
		"desc": "An upscale city hotel apartment. The hotel is 10 minutes away from Dubai International Airport and adjacent to Sharjah - Dubai borders making it an ideal choice for families and short or long term business",
		"stars": 5,
		"map": true,
		"room_rates": [{
			"id": "330-1",
			"price_str": "97",
			"currency_code": "USD",
			"currency_sym": "US$",
			"provider_name": "Hotel's Website",
			"provider_code": "derbysoft.com",
			"mobile_friendly": false,
			"ex_tax": false,
			"is_direct": true,
			"description": "Advantage M Corporate-Superior King"
		},
		{
			"id": "197-1",
			"price_str": "103",
			"currency_code": "USD",
			"currency_sym": "US$",
			"provider_name": "Expedia.co.id",
			"provider_code": "expedia.co.id",
			"mobile_friendly": true,
			"ex_tax": false,
			"is_direct": false,
			"description": "Save 10%"
		},
		{
			"id": "6-1",
			"price_str": "108",
			"currency_code": "USD",
			"currency_sym": "US$",
			"provider_name": "Booking.com",
			"provider_code": "booking.com",
			"mobile_friendly": true,
			"ex_tax": false,
			"is_direct": false,
			"description": "Superior King Room - Non-refundable - Free WiFi - Found your room online at a lower price? We'll match it."
		}],
		"summary_room_rates": [{
			"id": "330-1",
			"price_str": "97",
			"currency_code": "USD",
			"currency_sym": "US$",
			"provider_name": "Hotel's Website",
			"provider_code": "derbysoft.com",
			"mobile_friendly": false,
			"ex_tax": false,
			"description": "Advantage M Corporate-Superior King",
			"is_direct": true
		},
		{
			"id": "197-1",
			"price_str": "103",
			"currency_code": "USD",
			"currency_sym": "US$",
			"provider_name": "Expedia.co.id",
			"provider_code": "expedia.co.id",
			"mobile_friendly": true,
			"ex_tax": false,
			"description": "Save 10%",
			"is_direct": false
		},
		{
			"id": "6-1",
			"price_str": "108",
			"currency_code": "USD",
			"currency_sym": "US$",
			"provider_name": "Booking.com",
			"provider_code": "booking.com",
			"mobile_friendly": true,
			"ex_tax": false,
			"description": "Superior King Room - Non-refundable - Free WiFi - Found your room online at a lower price? We'll match it.",
			"is_direct": false
		}],
		"room_rates_count": 3,
		"room_rate_min": {
			"id": "330-1",
			"price_str": "97",
			"currency_code": "USD",
			"currency_sym": "US$",
			"provider_name": "Hotel's Website",
			"provider_code": "derbysoft.com",
			"mobile_friendly": false,
			"ex_tax": false,
			"is_direct": true
		},
		"total_reviews": 464,
		"positive": 0,
		"negative": 0,
		"neutral": 0,
		"rooms_count": 180,
		"rank": 2,
		"satisfaction": 78,
		"satisfaction_description": "Good",
		"url": "/hotels/united-arab-emirates/dubai/moevenpick-the-square-dubai-912589",
		"offer": null,
		"image": "http://0.omg.io/wego/image/upload/w_200,h_200,c_fill/v1397016067/hotels/912589/12107951.jpg"
	},
	{
		"id": 653657,
		"name": "Moevenpick Ibn Battuta Gate Hotel Dubai",
		"address": "Adjacent to Ibn Battuta Mall",
		"districts": [881],
		"latitude": 25.04144,
		"longitude": 55.11592,
		"property_type": 1,
		"brand_id": null,
		"searched": null,
		"desc": "Movenpick Hotel Ibn Battuta Gate is a 5 star themed hotel featuring Ibn Battuta Travels. Each Battuta Suite reflects a city visited by Ibn Battuta. the Hotel has an iconic design accessible through 60 meters Gate. The lengh of the hotel lobby is 90 meters with 30 meters height. Our guests will have access to the Oceana beach club located on the palm Jumeirah island. The club has a lazy river, sandy beach, restaurant and bar.",
		"stars": 5,
		"map": true,
		"room_rates": [{
			"id": "17-1",
			"price_str": "143",
			"currency_code": "USD",
			"currency_sym": "US$",
			"provider_name": "HotelTravel.com",
			"provider_code": "hoteltravel.com",
			"mobile_friendly": true,
			"ex_tax": false,
			"is_direct": false,
			"description": "Superior"
		},
		{
			"id": "330-1",
			"price_str": "176",
			"currency_code": "USD",
			"currency_sym": "US$",
			"provider_name": "Hotel's Website",
			"provider_code": "derbysoft.com",
			"mobile_friendly": false,
			"ex_tax": false,
			"is_direct": true,
			"description": "Summer Breeze-Superior King"
		},
		{
			"id": "197-1",
			"price_str": "176",
			"currency_code": "USD",
			"currency_sym": "US$",
			"provider_name": "Expedia.co.id",
			"provider_code": "expedia.co.id",
			"mobile_friendly": true,
			"ex_tax": false,
			"is_direct": false,
			"description": "Summer Sale! Save 25%"
		},
		{
			"id": "6-1",
			"price_str": "182",
			"currency_code": "USD",
			"currency_sym": "US$",
			"provider_name": "Booking.com",
			"provider_code": "booking.com",
			"mobile_friendly": true,
			"ex_tax": false,
			"is_direct": false,
			"description": "Superior Twin Room - Non-refundable - Breakfast included - Free WiFi - Found your room online at a lower price? We'll match it."
		}],
		"summary_room_rates": [{
			"id": "17-1",
			"price_str": "143",
			"currency_code": "USD",
			"currency_sym": "US$",
			"provider_name": "HotelTravel.com",
			"provider_code": "hoteltravel.com",
			"mobile_friendly": true,
			"ex_tax": false,
			"description": "Superior",
			"is_direct": false
		},
		{
			"id": "330-1",
			"price_str": "176",
			"currency_code": "USD",
			"currency_sym": "US$",
			"provider_name": "Hotel's Website",
			"provider_code": "derbysoft.com",
			"mobile_friendly": false,
			"ex_tax": false,
			"description": "Summer Breeze-Superior King",
			"is_direct": true
		},
		{
			"id": "197-1",
			"price_str": "176",
			"currency_code": "USD",
			"currency_sym": "US$",
			"provider_name": "Expedia.co.id",
			"provider_code": "expedia.co.id",
			"mobile_friendly": true,
			"ex_tax": false,
			"description": "Summer Sale! Save 25%",
			"is_direct": false
		},
		{
			"id": "6-1",
			"price_str": "182",
			"currency_code": "USD",
			"currency_sym": "US$",
			"provider_name": "Booking.com",
			"provider_code": "booking.com",
			"mobile_friendly": true,
			"ex_tax": false,
			"description": "Superior Twin Room - Non-refundable - Breakfast included - Free WiFi - Found your room online at a lower price? We'll match it.",
			"is_direct": false
		}],
		"room_rates_count": 4,
		"room_rate_min": {
			"id": "17-1",
			"price_str": "143",
			"currency_code": "USD",
			"currency_sym": "US$",
			"provider_name": "HotelTravel.com",
			"provider_code": "hoteltravel.com",
			"mobile_friendly": true,
			"ex_tax": false,
			"is_direct": false
		},
		"total_reviews": null,
		"positive": 0,
		"negative": 0,
		"neutral": 0,
		"rooms_count": 396,
		"rank": 3,
		"satisfaction": null,
		"satisfaction_description": null,
		"url": "/hotels/united-arab-emirates/dubai/moevenpick-ibn-battuta-gate-hotel-dubai-653657",
		"offer": null,
		"image": "http://1.omg.io/wego/image/upload/w_200,h_200,c_fill/v1428237107/hotels/653657/2562052.jpg"
	},
	{
		"id": 790246,
		"name": "Down Town Dubai Hotel Apartment",
		"address": "Street No.35",
		"districts": [],
		"latitude": 25.26913,
		"longitude": 55.32739,
		"property_type": 1,
		"brand_id": null,
		"searched": null,
		"desc": "Located in Deira, Down Town Dubai Hotel Apartment is a perfect starting point from which to explore Dubai. The hotel offers a high standard of service and amenities to suit the individual needs of all travelers. Service-minded staff will welcome and guide you at the Down Town Dubai Hotel Apartment. Each guestroom is elegantly furnished and equipped with handy amenities. Entertain the hotel's recreational facilities, including fitness center, sauna. Friendly staff, great facilities and close proximity to all that Dubai has to offer are three great reasons you should stay at Down Town Dubai Hotel Apartment.",
		"stars": 4,
		"map": true,
		"room_rates": [{
			"id": "6-1",
			"price_str": "64",
			"currency_code": "USD",
			"currency_sym": "US$",
			"provider_name": "Booking.com",
			"provider_code": "booking.com",
			"mobile_friendly": true,
			"ex_tax": false,
			"is_direct": false,
			"description": "Studio Apartment - Non-refundable - Free WiFi - Found your room online at a lower price? We'll match it."
		}],
		"summary_room_rates": [{
			"id": "6-1",
			"price_str": "64",
			"currency_code": "USD",
			"currency_sym": "US$",
			"provider_name": "Booking.com",
			"provider_code": "booking.com",
			"mobile_friendly": true,
			"ex_tax": false,
			"description": "Studio Apartment - Non-refundable - Free WiFi - Found your room online at a lower price? We'll match it.",
			"is_direct": false
		}],
		"room_rates_count": 1,
		"room_rate_min": {
			"id": "6-1",
			"price_str": "64",
			"currency_code": "USD",
			"currency_sym": "US$",
			"provider_name": "Booking.com",
			"provider_code": "booking.com",
			"mobile_friendly": true,
			"ex_tax": false,
			"is_direct": false
		},
		"total_reviews": 809,
		"positive": 0,
		"negative": 0,
		"neutral": 0,
		"rooms_count": 40,
		"rank": 4,
		"satisfaction": 71,
		"satisfaction_description": "Fair",
		"url": "/hotels/united-arab-emirates/dubai/down-town-dubai-hotel-apartment-790246",
		"offer": null,
		"image": "http://1.omg.io/wego/image/upload/w_200,h_200,c_fill/v1395045201/hotels/790246/11781549.jpg"
	},
	{
		"id": 85205,
		"name": "Atlantis Palm Jumeirah",
		"address": "Atlantis The Palm",
		"districts": [886],
		"latitude": 25.13078,
		"longitude": 55.11651,
		"property_type": 1,
		"brand_id": 28,
		"searched": null,
		"desc": "The opulent Royal Tower offer 1539 luxurious guest rooms and suites with breathtaking views of the Arabian Gulf or the Palm Jumeirah from every room. The exclusive Bridge Suite spanning the soaring towers as well as two stunning underwater Lost Chamber Suites will feature captivating and direct views into the marine habitat. Over 17 restaurants- bars-lounges-a night club and dining experiences are nestled in tropical enclaves-delightful hideaways or in the heart of Atlantis itself with four internationally renowned chefs. Aqua venture waterpark. Takes water-based attractions such as water slides- river rapids- waterfalls and water holes and adds first of its kind special effects and technology. Ziggurat temple offers 7 adventures rides including The Leap of Faith.\nResort Pools; A sophisticated Royal pool and Zero Entry Pool-For the families. The Lost Chambers extraordinary underwater ruins- which re-create artifacts from the 11000year-old civilization. Discover what sea creatures life in Atlantis might have been like as you meander through this world. Spa Fitness Centre- Feature 27wet and dries treatment rooms including steam room- sauna- vitality pool and relaxation area. A fully equipped fitness centre with stretch- yoga studio- a running track- 4tennis courts. Water Sports- Windsurfing-sea kayaking-small sailing vessels-air-blown floating devices is available. Dolphin bay a State of the art dolphin education centre interaction habitat-get up close and personal with one of the world most charismatic animals. The Avenues 7500 m2 of retail entertainment with a host of specialty restaurants-luxury boutiques- an exciting nightclub world class shopping facilities. Kids Club Open to all children from 3-12 years-4 zones Amphitheatre-Technology zone-Play zone Arts Crafts Club Rush-for the older- more sophisticated pre-teen teenager-will be a fully supervised No adults club.",
		"stars": 5,
		"map": true,
		"room_rates": [{
			"id": "87-1",
			"price_str": "756",
			"currency_code": "USD",
			"currency_sym": "US$",
			"provider_name": "Splendia",
			"provider_code": "splendia.com",
			"mobile_friendly": false,
			"ex_tax": false,
			"is_direct": false,
			"description": "Palm Beach Deluxe"
		},
		{
			"id": "197-1",
			"price_str": "824",
			"currency_code": "USD",
			"currency_sym": "US$",
			"provider_name": "Expedia.co.id",
			"provider_code": "expedia.co.id",
			"mobile_friendly": true,
			"ex_tax": false,
			"is_direct": false,
			"description": "Deluxe Room, Beach View"
		},
		{
			"id": "6-1",
			"price_str": "830",
			"currency_code": "USD",
			"currency_sym": "US$",
			"provider_name": "Booking.com",
			"provider_code": "booking.com",
			"mobile_friendly": true,
			"ex_tax": false,
			"is_direct": false,
			"description": "Palm Beach Deluxe Room - Special conditions - FREE cancellation - Found your room online at a lower price? We'll match it."
		}],
		"summary_room_rates": [{
			"id": "87-1",
			"price_str": "756",
			"currency_code": "USD",
			"currency_sym": "US$",
			"provider_name": "Splendia",
			"provider_code": "splendia.com",
			"mobile_friendly": false,
			"ex_tax": false,
			"description": "Palm Beach Deluxe",
			"is_direct": false
		},
		{
			"id": "197-1",
			"price_str": "824",
			"currency_code": "USD",
			"currency_sym": "US$",
			"provider_name": "Expedia.co.id",
			"provider_code": "expedia.co.id",
			"mobile_friendly": true,
			"ex_tax": false,
			"description": "Deluxe Room, Beach View",
			"is_direct": false
		},
		{
			"id": "6-1",
			"price_str": "830",
			"currency_code": "USD",
			"currency_sym": "US$",
			"provider_name": "Booking.com",
			"provider_code": "booking.com",
			"mobile_friendly": true,
			"ex_tax": false,
			"description": "Palm Beach Deluxe Room - Special conditions - FREE cancellation - Found your room online at a lower price? We'll match it.",
			"is_direct": false
		}],
		"room_rates_count": 3,
		"room_rate_min": {
			"id": "87-1",
			"price_str": "756",
			"currency_code": "USD",
			"currency_sym": "US$",
			"provider_name": "Splendia",
			"provider_code": "splendia.com",
			"mobile_friendly": false,
			"ex_tax": false,
			"is_direct": false
		},
		"total_reviews": 8017,
		"positive": 0,
		"negative": 0,
		"neutral": 0,
		"rooms_count": 1539,
		"rank": 5,
		"satisfaction": 88,
		"satisfaction_description": "Excellent",
		"url": "/hotels/united-arab-emirates/dubai/atlantis-palm-jumeirah-85205",
		"offer": null,
		"image": "http://1.omg.io/wego/image/upload/w_200,h_200,c_fill/v1428241020/hotels/85205/3051930.jpg"
	},
	{
		"id": 85334,
		"name": "M�venpick Hotel Jumeirah Beach",
		"address": "Jumeirah Beach Residence  \n      ",
		"districts": [7857],
		"latitude": 25.08047,
		"longitude": 55.13652,
		"property_type": 1,
		"brand_id": 182,
		"searched": null,
		"desc": "The M�venpick Hotel Jumeirah Beach lies in the heart of one of Dubais newest dynamic and most lively urban locations, Jumeirah Beach Residence. This 5-star hotel is modern, chic and contemporary all in one, featuring lively dining and entertainment options, expansive recreational and modern meeting, conference and banqueting facilities and is only few steps away from the beach of the stunning Arabian Gulf. In order to improve the leisure facilities of \"The Walk\" at Jumeirah Beach Residence, project development works are currently taking place in the vicinity of the hotel. According to the information available to us, the project works are only taking place during the day and are not affecting the sea views from our hotel rooms. Every effort is made to minimize noise and inconvenience and all our facilities are operating as normal.",
		"stars": 5,
		"map": true,
		"room_rates": [{
			"id": "17-1",
			"price_str": "142",
			"currency_code": "USD",
			"currency_sym": "US$",
			"provider_name": "HotelTravel.com",
			"provider_code": "hoteltravel.com",
			"mobile_friendly": true,
			"ex_tax": false,
			"is_direct": false,
			"description": "Superior"
		},
		{
			"id": "330-1",
			"price_str": "194",
			"currency_code": "USD",
			"currency_sym": "US$",
			"provider_name": "Hotel's Website",
			"provider_code": "derbysoft.com",
			"mobile_friendly": false,
			"ex_tax": false,
			"is_direct": true,
			"description": "Advantage M Corporate-Superior King"
		},
		{
			"id": "197-1",
			"price_str": "229",
			"currency_code": "USD",
			"currency_sym": "US$",
			"provider_name": "Expedia.co.id",
			"provider_code": "expedia.co.id",
			"mobile_friendly": true,
			"ex_tax": false,
			"is_direct": false,
			"description": "Superior Room, 1 King Bed"
		},
		{
			"id": "6-1",
			"price_str": "234",
			"currency_code": "USD",
			"currency_sym": "US$",
			"provider_name": "Booking.com",
			"provider_code": "booking.com",
			"mobile_friendly": true,
			"ex_tax": false,
			"is_direct": false,
			"description": "Superior Twin Room - FREE cancellation - Book now, pay when you stay - Free WiFi - Found your room online at a lower price? We'll match it."
		}],
		"summary_room_rates": [{
			"id": "17-1",
			"price_str": "142",
			"currency_code": "USD",
			"currency_sym": "US$",
			"provider_name": "HotelTravel.com",
			"provider_code": "hoteltravel.com",
			"mobile_friendly": true,
			"ex_tax": false,
			"description": "Superior",
			"is_direct": false
		},
		{
			"id": "330-1",
			"price_str": "194",
			"currency_code": "USD",
			"currency_sym": "US$",
			"provider_name": "Hotel's Website",
			"provider_code": "derbysoft.com",
			"mobile_friendly": false,
			"ex_tax": false,
			"description": "Advantage M Corporate-Superior King",
			"is_direct": true
		},
		{
			"id": "197-1",
			"price_str": "229",
			"currency_code": "USD",
			"currency_sym": "US$",
			"provider_name": "Expedia.co.id",
			"provider_code": "expedia.co.id",
			"mobile_friendly": true,
			"ex_tax": false,
			"description": "Superior Room, 1 King Bed",
			"is_direct": false
		},
		{
			"id": "6-1",
			"price_str": "234",
			"currency_code": "USD",
			"currency_sym": "US$",
			"provider_name": "Booking.com",
			"provider_code": "booking.com",
			"mobile_friendly": true,
			"ex_tax": false,
			"description": "Superior Twin Room - FREE cancellation - Book now, pay when you stay - Free WiFi - Found your room online at a lower price? We'll match it.",
			"is_direct": false
		}],
		"room_rates_count": 4,
		"room_rate_min": {
			"id": "17-1",
			"price_str": "142",
			"currency_code": "USD",
			"currency_sym": "US$",
			"provider_name": "HotelTravel.com",
			"provider_code": "hoteltravel.com",
			"mobile_friendly": true,
			"ex_tax": false,
			"is_direct": false
		},
		"total_reviews": 2177,
		"positive": 0,
		"negative": 0,
		"neutral": 0,
		"rooms_count": 294,
		"rank": 6,
		"satisfaction": 82,
		"satisfaction_description": "Very Good",
		"url": "/hotels/united-arab-emirates/dubai/movenpick-hotel-jumeirah-beach-85334",
		"offer": null,
		"image": "http://1.omg.io/wego/image/upload/w_200,h_200,c_fill/v1428240849/hotels/85334/3257361.jpg"
	},
	{
		"id": 580067,
		"name": "London Crown 2 Hotel Apartment",
		"address": "18th Street",
		"districts": [883],
		"latitude": 25.2545,
		"longitude": 55.29954,
		"property_type": 1,
		"brand_id": null,
		"searched": null,
		"desc": "London Crown 2 Hotel Apartment is perfectly located for both business and leisure guests in Dubai. Both business travelers and tourists can enjoy the hotel's facilities and services. Dry cleaning, shuttle service, executive floor, elevator, tours are on the list of things guests can enjoy. Each guestroom is elegantly furnished and equipped with handy amenities. The hotel offers various recreational opportunities. London Crown 2 Hotel Apartment combines warm hospitality with a lovely ambiance to make your stay in Dubai unforgettable.",
		"stars": 3,
		"map": true,
		"room_rates": [{
			"id": "6-1",
			"price_str": "49",
			"currency_code": "USD",
			"currency_sym": "US$",
			"provider_name": "Booking.com",
			"provider_code": "booking.com",
			"mobile_friendly": true,
			"ex_tax": false,
			"is_direct": false,
			"description": "Studio - Non-refundable - Free WiFi - Found your room online at a lower price? We'll match it."
		}],
		"summary_room_rates": [{
			"id": "6-1",
			"price_str": "49",
			"currency_code": "USD",
			"currency_sym": "US$",
			"provider_name": "Booking.com",
			"provider_code": "booking.com",
			"mobile_friendly": true,
			"ex_tax": false,
			"description": "Studio - Non-refundable - Free WiFi - Found your room online at a lower price? We'll match it.",
			"is_direct": false
		}],
		"room_rates_count": 1,
		"room_rate_min": {
			"id": "6-1",
			"price_str": "49",
			"currency_code": "USD",
			"currency_sym": "US$",
			"provider_name": "Booking.com",
			"provider_code": "booking.com",
			"mobile_friendly": true,
			"ex_tax": false,
			"is_direct": false
		},
		"total_reviews": 1842,
		"positive": 0,
		"negative": 0,
		"neutral": 0,
		"rooms_count": 140,
		"rank": 7,
		"satisfaction": 61,
		"satisfaction_description": "Poor",
		"url": "/hotels/united-arab-emirates/dubai/london-crown-2-hotel-apartment-580067",
		"offer": null,
		"image": "http://1.omg.io/wego/image/upload/w_200,h_200,c_fill/v1397016006/hotels/580067/6078547.jpg"
	},
	{
		"id": 85435,
		"name": "Grand Hyatt Dubai",
		"address": "PO Box 7978 ",
		"districts": [883],
		"latitude": 25.227887,
		"longitude": 55.327845,
		"property_type": 1,
		"brand_id": 133,
		"searched": null,
		"desc": "A perfect blend of city conference and resort hotel, is set within a lush oasis of 37acre of landscaped gardens. Featuring an outstanding combination of resort facilities, luxury hotel guestrooms and suites, residential apartments and one of the most advanced conference centres in the Middle East, the hotel is just minutes from Dubai's shopping, entertainment and business districts and within easy access of the international Airport. Grand Hyatt Dubai offers dazzling views of both the skyline and acclaimed creek of this enchanting Arabian city.",
		"stars": 5,
		"map": true,
		"room_rates": [{
			"id": "3-13",
			"price_str": "203",
			"currency_code": "USD",
			"currency_sym": "US$",
			"provider_name": "Asiatravel.com",
			"provider_code": "asiatravel.com",
			"mobile_friendly": true,
			"ex_tax": false,
			"is_direct": false,
			"description": "Grand Room with Breakfast (Package) (Complimentary WiFi)"
		},
		{
			"id": "6-1",
			"price_str": "255",
			"currency_code": "USD",
			"currency_sym": "US$",
			"provider_name": "Booking.com",
			"provider_code": "booking.com",
			"mobile_friendly": true,
			"ex_tax": false,
			"is_direct": false,
			"description": "Grand Room with Skyline View - Non-refundable - Free WiFi - Found your room online at a lower price? We'll match it."
		},
		{
			"id": "197-1",
			"price_str": "278",
			"currency_code": "USD",
			"currency_sym": "US$",
			"provider_name": "Expedia.co.id",
			"provider_code": "expedia.co.id",
			"mobile_friendly": true,
			"ex_tax": false,
			"is_direct": false,
			"description": "Grand Room, 1 King Bed - Advance Purchase"
		}],
		"summary_room_rates": [{
			"id": "3-13",
			"price_str": "203",
			"currency_code": "USD",
			"currency_sym": "US$",
			"provider_name": "Asiatravel.com",
			"provider_code": "asiatravel.com",
			"mobile_friendly": true,
			"ex_tax": false,
			"description": "Grand Room with Breakfast (Package) (Complimentary WiFi)",
			"is_direct": false
		},
		{
			"id": "6-1",
			"price_str": "255",
			"currency_code": "USD",
			"currency_sym": "US$",
			"provider_name": "Booking.com",
			"provider_code": "booking.com",
			"mobile_friendly": true,
			"ex_tax": false,
			"description": "Grand Room with Skyline View - Non-refundable - Free WiFi - Found your room online at a lower price? We'll match it.",
			"is_direct": false
		},
		{
			"id": "197-1",
			"price_str": "278",
			"currency_code": "USD",
			"currency_sym": "US$",
			"provider_name": "Expedia.co.id",
			"provider_code": "expedia.co.id",
			"mobile_friendly": true,
			"ex_tax": false,
			"description": "Grand Room, 1 King Bed - Advance Purchase",
			"is_direct": false
		}],
		"room_rates_count": 3,
		"room_rate_min": {
			"id": "3-13",
			"price_str": "203",
			"currency_code": "USD",
			"currency_sym": "US$",
			"provider_name": "Asiatravel.com",
			"provider_code": "asiatravel.com",
			"mobile_friendly": true,
			"ex_tax": false,
			"is_direct": false
		},
		"total_reviews": 3259,
		"positive": 0,
		"negative": 0,
		"neutral": 0,
		"rooms_count": 674,
		"rank": 8,
		"satisfaction": 89,
		"satisfaction_description": "Excellent",
		"url": "/hotels/united-arab-emirates/dubai/grand-hyatt-dubai-85435",
		"offer": null,
		"image": "http://0.omg.io/wego/image/upload/w_200,h_200,c_fill/v1418700515/hotels/85435/1352965.jpg"
	},
	{
		"id": 85318,
		"name": "London Creek Hotel Apartments",
		"address": "19B Street",
		"districts": [883,
		7857,
		7858,
		7859,
		7860],
		"latitude": 25.24855299,
		"longitude": 55.29786214,
		"property_type": 4,
		"brand_id": null,
		"searched": null,
		"desc": "Stop at London Creek Hotel Apartments to discover the wonders of Dubai. The hotel has everything you need for a comfortable stay. All the necessary facilities, including elevator, concierge, 24-hour room service, business center, 24-hour front desk, are at hand. Each guestroom is elegantly furnished and equipped with handy amenities. Entertain the hotel's recreational facilities, including outdoor pool, hot tub, steamroom, sauna, fitness center. A welcoming atmosphere and excellent service are what you can expect during your stay at London Creek Hotel Apartments.",
		"stars": 3,
		"map": true,
		"room_rates": [{
			"id": "197-1",
			"price_str": "73",
			"currency_code": "USD",
			"currency_sym": "US$",
			"provider_name": "Expedia.co.id",
			"provider_code": "expedia.co.id",
			"mobile_friendly": true,
			"ex_tax": false,
			"is_direct": false,
			"description": "Studio"
		},
		{
			"id": "6-1",
			"price_str": "73",
			"currency_code": "USD",
			"currency_sym": "US$",
			"provider_name": "Booking.com",
			"provider_code": "booking.com",
			"mobile_friendly": true,
			"ex_tax": false,
			"is_direct": false,
			"description": "Studio Apartment - Non-refundable - Found your room online at a lower price? We'll match it."
		}],
		"summary_room_rates": [{
			"id": "197-1",
			"price_str": "73",
			"currency_code": "USD",
			"currency_sym": "US$",
			"provider_name": "Expedia.co.id",
			"provider_code": "expedia.co.id",
			"mobile_friendly": true,
			"ex_tax": false,
			"description": "Studio",
			"is_direct": false
		},
		{
			"id": "6-1",
			"price_str": "73",
			"currency_code": "USD",
			"currency_sym": "US$",
			"provider_name": "Booking.com",
			"provider_code": "booking.com",
			"mobile_friendly": true,
			"ex_tax": false,
			"description": "Studio Apartment - Non-refundable - Found your room online at a lower price? We'll match it.",
			"is_direct": false
		}],
		"room_rates_count": 2,
		"room_rate_min": {
			"id": "197-1",
			"price_str": "73",
			"currency_code": "USD",
			"currency_sym": "US$",
			"provider_name": "Expedia.co.id",
			"provider_code": "expedia.co.id",
			"mobile_friendly": true,
			"ex_tax": false,
			"is_direct": false
		},
		"total_reviews": 768,
		"positive": 0,
		"negative": 0,
		"neutral": 0,
		"rooms_count": 105,
		"rank": 9,
		"satisfaction": 65,
		"satisfaction_description": "Poor",
		"url": "/hotels/united-arab-emirates/dubai/london-creek-hotel-apartments-85318",
		"offer": null,
		"image": "http://0.omg.io/wego/image/upload/w_200,h_200,c_fill/v1428235793/hotels/85318/2640564.jpg"
	}]
}